id,name,requestedBy,blueprintId,deploymentId,resourceIds,inputs,status,details,createdAt,updatedAt,totalTasks,completedTasks,actionId,catalogItemId,outputs

7132ed40-8a14-4eb4-90b0-643a0df778e2,Create,administrator,"ovf deployment","ovf7",['15bd2b1e-6557-4bca-911a-6acc2cadca6d'],"{'imageRef': 'https://cloud-images.ubuntu.com/bionic/current/bionic-server-cloudimg-amd64.ova', 'ovfProperties': [{'key': 'varoot-password', 'value': '123abc'}, {'key': 'hostname', 'value': 'new_host'}]}",SUCCESSFUL,,2023-07-19T19:59:33.305042Z,2023-07-19T20:22:04.809613Z,5,5,,,

44c71d2
8-8065-4ae8-be9b-85a441d8bf82,Create,administrator,"ovf deployment","ova deployment 1",['58cac717-2840-4827-8e06-86ad4faa8046'],"{'imageRef': 'https://cloud-images.ubuntu.com/bionic/current/bionic-server-cloudimg-amd64.ova', 'ovfProperties': [{'key': 'varoot-password', 'value': '123abc'}]}",SUCCESSFUL,,2023-07-19T18:28:40.347194Z,2023-07-19T18:50:27.742567Z,5,5,,,

2918d240-1786-4af3-94db-97a4f2a182b6,Update,administrator,"add nic test","test nic 4","['449aa600-8af3-452a-b403-1de7c6fdc184', 'ac2111fd-8957-4dea-b813-67e471f7d32b', 'fcefa21b-8e29-4b80-ace2-b00e8d9b2e4e', '433838ae-d81b-4b62-a815-302691dac837', 'fbe21665-18ce-4571-9476-830747beba25']","{'nic1_count': 1, 'nic2_count': 1}",FAILED,"Only disk with status AVAILABLE can be deleted, as it is not attached to any VM.",2023-07-25T16:56:05.435507Z,2023-07-25T17:02:10.878676Z,12,11,,,

17981dd3-1490-4159-80f3-3cb71efde0ed,Add Disk,administrator,,"test nic 4","['ac2111fd-8957-4dea-b813-67e471f7d32b', '4d37f29d-e423-4b34-8623-1691c9a2f2ba']","{'name': 'new', 'encrypted': False, 'capacityGb': 1, 'persistent': False, 'useVmFolderForCreate': True}",SUCCESSFUL,,2023-07-25T16:26:10.209552Z,2023-07-25T16:38:46.967313Z,6,6,Cloud.vSphere.Machine.Add.Disk,,

81e4254f-6d2d-49f3-b40b-c6587e22171b,Create,administrator,"add nic test":2,"test nic 4",['4d37f29d-e423-4b34-8623-1691c9a2f2ba'],"{'nic1_count': 0, 'nic2_count': 0}",SUCCESSFUL,,2023-07-12T20:49:40.709183Z,2023-07-12T20:56:54.243026Z,5,5,,32b5a8d3-c972-34fa-9f27-9b3a3bf46c33:2,

a9dc2feb-c326-43b9-bb77-d19e50646825,Update,administrator,"add nic test","nic test 3","['d77054b2-782f-4ea6-8152-929b76e5bc99', '68f65263-b131-4259-8ca7-2fb460cac48f', '0163ef3d-d8ca-47dc-9a24-cc3b5bafa722']","{'nic1_count': 1, 'nic2_count': 1}",FAILED,"Only disk with status AVAILABLE can be deleted, as it is not attached to any VM.",2023-07-13T21:01:58.378125Z,2023-07-13T21:14:21.345257Z,7,5,,,

6def9406-03e1-4813-955d-62219c0ebaca,Add Disk,administrator,,"nic test 3","['68f65263-b131-4259-8ca7-2fb460cac48f', '60e0b8fa-8f30-4413-ba11-89638993ba62']","{'name': '2nd disk', 'encrypted': False, 'capacityGb': 1, 'persistent': False, 'useVmFolderForCreate': True}",SUCCESSFUL,,2023-07-13T20:54:17.156345Z,2023-07-13T20:57:54.773487Z,6,6,Cloud.vSphere.Machine.Add.Disk,,

8d43c5be-01c7-429a-af9d-a7eb8deb25f6,Update,administrator,"add nic test","nic test 3","['61210766-96d3-419c-b3d2-cec2e400976f', '4bb12f5f-acb6-43db-bfe1-6dfdcf4a8351', '0163ef3d-d8ca-47dc-9a24-cc3b5bafa722']","{'nic1_count': 1, 'nic2_count': 0}",FAILED,"Only disk with status AVAILABLE can be deleted, as it is not attached to any VM.",2023-07-13T20:44:06.556689Z,2023-07-13T20:48:50.173974Z,7,6,,,

bb8d8a54-ef2b-48fd-ab99-53e0e45c2912,Add Disk,administrator,,"nic test 3","['0163ef3d-d8ca-47dc-9a24-cc3b5bafa722', '60e0b8fa-8f30-4413-ba11-89638993ba62']","{'name': 'new', 'encrypted': False, 'capacityGb': 1, 'persistent': False, 'useVmFolderForCreate': True}",SUCCESSFUL,,2023-07-13T20:39:22.972588Z,2023-07-13T20:40:55.083163Z,6,6,Cloud.vSphere.Machine.Add.Disk,,

43ff7abe-4a99-408f-93a1-6cc55e6f0ddf,Update,administrator,"add nic test","nic test 3",['c79d980b-914f-4f6c-8112-0484268fc12e'],"{'nic1_count': 1, 'nic2_count': 1}",SUCCESSFUL,,2023-07-13T19:25:50.966071Z,2023-07-13T20:21:59.037297Z,5,5,,,

f886417c-bc4e-4e40-a80a-2987ea181aae,Resize,administrator,,"nic test 3",['60e0b8fa-8f30-4413-ba11-89638993ba62'],"{'cpuCount': 2, 'coreCount': 1, 'totalMemoryMB': 1024}",SUCCESSFUL,,2023-07-12T20:21:54.601614Z,2023-07-12T20:22:27.777965Z,2,2,Cloud.vSphere.Machine.Resize,,

b76b1f7d-f40a-4e0a-9e2c-ea37fd447c0d,Update,administrator,"add nic test","nic test 3","['61210766-96d3-419c-b3d2-cec2e400976f', '6772fac0-02f5-4828-b9fc-560a1a224dfb', '60e0b8fa-8f30-4413-ba11-89638993ba62']","{'nic1_count': 0, 'nic2_count': 1}",SUCCESSFUL,,2023-07-12T00:44:40.984185Z,2023-07-12T20:12:23.441555Z,7,7,,,

391bcf2b-db2a-48ed-964f-be8cd54a6e04,Create,administrator,"add nic test","nic test 3","['6772fac0-02f5-4828-b9fc-560a1a224dfb', '60e0b8fa-8f30-4413-ba11-89638993ba62']","{'nic1_count': 1, 'nic2_count': 0}",SUCCESSFUL,,2023-07-12T00:12:09.194224Z,2023-07-12T00:22:48.020940Z,7,7,,,

0aa2f1e6-0980-436b-8e98-bfce0e2ce5f9,Add Disk,administrator,,"nic test","['362b3bf1-825b-47b4-8576-f16a3e1dfd3a', '548e0d6a-0583-41ef-abbc-789e72c73fd8']","{'name': 'another', 'encrypted': False, 'capacityGb': 1, 'persistent': False, 'useVmFolderForCreate': True}",SUCCESSFUL,,2023-07-12T20:16:48.039750Z,2023-07-12T20:20:02.289127Z,6,6,Cloud.vSphere.Machine.Add.Disk,,

8b158ff5-376e-4722-a9b9-02c1164ecd1f,Update,administrator,"add nic test","nic test",['548e0d6a-0583-41ef-abbc-789e72c73fd8'],"{'nic1_count': 1, 'nic2_count': 0}",SUCCESSFUL,,2023-07-12T00:11:49.701714Z,2023-07-12T00:22:27.403032Z,5,5,,,

a1287b4e-18d5-4342-8a41-f7ecce16652d,Create,administrator,"add nic test","nic test","['83983c82-148f-4099-a93a-c5766eb78985', '26d91092-f131-4ced-b7c3-b547bcb21419']","{'nic1_count': 1, 'nic2_count': 0}",FAILED,Failed to connect to vCenter. com.vmware.photon.controller.model.adapters.vsphere.util.connection.BasicConnection$BasicConnectionException: Failed to connect to vCenter: Your certificate may be untrusted. To trust the certificate validate your account credentials and accept the untrusted certificate.  Save your cloud account after validation succeeds. Error: PKIX path building failed: sun.security.provider.certpath.SunCertPathBuilderException: unable to find valid certification path to requested target,2023-07-12T00:07:11.288336Z,2023-07-12T00:08:46.935136Z,7,6,,,

ffd9b2e4-8dc7-42ab-b121-d7494e44fca1,Create,administrator,"add nic test orginal","test12",['af52d1d1-612a-47a9-8210-9b4ab3956438'],"{'nic1_count': 0, 'nic2_count': 0}",SUCCESSFUL,,2023-06-16T21:50:24.611235Z,2023-06-18T22:21:49.683639Z,5,5,,,

4ad5e10d-9866-4189-a181-2b4c08ea0b17,Revert To Snapshot,administrator,,"maks0",['f99e8bb8-9458-465d-a5d0-be4304ccc981'],{'snapshotId': '/resources/snapshots/250f9ccb-38a5-4bd9-b0c3-a864faba8f25'},SUCCESSFUL,,2023-05-16T18:04:09.596068Z,2023-05-16T18:05:12.626281Z,2,2,Cloud.vSphere.Machine.Snapshot.Revert,,

4bbd30f9-0cbf-427f-b397-f0b37cdca9bb,Delete Snapshot,administrator,,"maks0",['f99e8bb8-9458-465d-a5d0-be4304ccc981'],{'snapshotId': '/resources/snapshots/d83089d5-4a6f-4313-8d38-0a31dc481944'},SUCCESSFUL,,2023-05-16T18:01:44.596404Z,2023-05-16T18:02:20.525735Z,2,2,Cloud.vSphere.Machine.Snapshot.Delete,,

41c919c4-2c03-4241-abb0-e7acf308d230,Create Snapshot,administrator,,"maks0",['f99e8bb8-9458-465d-a5d0-be4304ccc981'],"{'name': 'another', 'memorySnapshot': False}",SUCCESSFUL,,2023-05-16T18:00:20.441020Z,2023-05-16T18:00:52.113252Z,2,2,Cloud.vSphere.Machine.Snapshot.Create,,

d95088fa-dc54-4445-a3cf-ca8b5e1f5fa4,Revert To Snapshot,administrator,,"maks0",['f99e8bb8-9458-465d-a5d0-be4304ccc981'],{'snapshotId': '/resources/snapshots/d83089d5-4a6f-4313-8d38-0a31dc481944'},SUCCESSFUL,,2023-05-16T17:57:23.240733Z,2023-05-16T17:57:43.505783Z,2,2,Cloud.vSphere.Machine.Snapshot.Revert,,

272e412f-73ba-4f31-a0db-c5fc9c55fa8c,Create Snapshot,administrator,,"maks0",['f99e8bb8-9458-465d-a5d0-be4304ccc981'],"{'name': 'new', 'memorySnapshot': False}",SUCCESSFUL,,2023-05-16T17:49:11.798341Z,2023-05-16T17:50:27.130483Z,2,2,Cloud.vSphere.Machine.Snapshot.Create,,

09c8eb74-7d90-4e5c-92f2-1a34303613e7,Create,administrator,"deployment update test","maks0","['ad30fbeb-0c34-4247-a966-fe8e2958f7da', 'f99e8bb8-9458-465d-a5d0-be4304ccc981']","{'diskSize': 1, 'diskCount': 1}",SUCCESSFUL,,2023-04-07T18:03:34.723142Z,2023-04-07T18:25:46.660035Z,7,7,,,

126e7d64-6e9d-4c0f-b711-c6e26f9736ad,Create,administrator,"deployment update test","maks1","['c3aa8a34-1923-4e62-b2fd-a2ab287650dd', 'fff0f0e5-09f9-4406-bad0-8f10f76f3728']","{'diskSize': 1, 'diskCount': 1}",SUCCESSFUL,,2023-04-07T17:58:52.960306Z,2023-04-07T18:21:17.918550Z,7,7,,,

ba9fbeff-1b91-4149-995a-38fb1b6af09d,Resize Disk,administrator,,"maks10",['59985d60-57cc-4054-b1df-f6d3cc49e93a'],"{'capacityGb': 2, 'selectDisk': '/resources/disks/f73c5c5e-4b7e-4158-a3b1-21a53daa4e94'}",SUCCESSFUL,,2023-04-07T17:35:32.854910Z,2023-04-07T17:36:06.192050Z,2,2,Cloud.vSphere.Machine.Resize.Compute.Disk,,

9575c127-0651-47fc-aa0c-76b1d77c7291,Add Disk,administrator,,"maks10","['59985d60-57cc-4054-b1df-f6d3cc49e93a', '5ecb5490-8556-451a-8092-74c5ff5f4e0b']","{'name': 'testAgain', 'encrypted': False, 'capacityGb': 1, 'persistent': False, 'useVmFolderForCreate': True}",ABORTED,Cancel requested by administrator,2023-04-07T16:17:15.414460Z,2023-04-07T17:35:00.293713Z,6,3,Cloud.vSphere.Machine.Add.Disk,,

478cade7-0821-409b-86ad-ea1d419291c4,Add Disk,administrator,,"maks10","['59985d60-57cc-4054-b1df-f6d3cc49e93a', '238fdc5d-0006-4272-af12-651e34addaea']","{'name': 'approvalTest', 'encrypted': False, 'capacityGb': 1, 'persistent': False, 'useVmFolderForCreate': True}",ABORTED,Cancel requested by administrator,2023-04-07T16:00:43.345599Z,2023-04-07T16:10:56.403204Z,6,3,Cloud.vSphere.Machine.Add.Disk,,

2ca93827-e7f6-4cd5-9308-a7ce682c8f1a,Add Disk,administrator,,"maks10","['42b67cc9-1f52-418a-a503-f59a74297721', '59985d60-57cc-4054-b1df-f6d3cc49e93a']","{'name': 'another small disk', 'encrypted': False, 'capacityGb': 1, 'persistent': False, 'useVmFolderForCreate': True}",ABORTED,Cancel requested by administrator,2023-04-07T15:54:18.657198Z,2023-04-07T16:00:08.409460Z,6,3,Cloud.vSphere.Machine.Add.Disk,,

de0f0026-3cad-4217-9825-efa366fd6a69,Add Disk,administrator,,"maks10","['0686637f-1bd3-48bd-bd07-ea5fa5279309', '59985d60-57cc-4054-b1df-f6d3cc49e93a']","{'name': 'another', 'encrypted': False, 'capacityGb': 2, 'persistent': False, 'useVmFolderForCreate': True}",SUCCESSFUL,,2023-03-21T14:19:49.724054Z,2023-03-21T14:20:52.741580Z,6,6,Cloud.vSphere.Machine.Add.Disk,,

15eda19d-4e4c-48a6-b973-7c46ac20f734,Add Disk,administrator,,"maks10","['f73c5c5e-4b7e-4158-a3b1-21a53daa4e94', '59985d60-57cc-4054-b1df-f6d3cc49e93a']","{'name': 'newDisk', 'capacityGb': '1'}",SUCCESSFUL,,2023-02-02T16:00:06.030250Z,2023-02-02T16:01:09.326754Z,6,6,Cloud.vSphere.Machine.Add.Disk,,

f6287a7e-acde-4c07-9372-080337355e7f,Custom Add Disk,administrator,,"maks10",['59985d60-57cc-4054-b1df-f6d3cc49e93a'],"{'vm': {'id': 'sqa-vc67.sqa.local,id:vm-29442', 'type': 'VC:VirtualMachine', 'label': 'Cloud_Machine_1-mcm2527-223598700765'}, 'diskMode': {'id': 'persistent', 'type': 'VC:VirtualDiskMode', 'label': 'persistent'}, 'diskSize': 1, 'scsiBusNumber': 0, 'thinProvisioned': False, 'applyRecommendation': True}",SUCCESSFUL,,2023-02-02T15:58:57.181595Z,2023-02-02T15:59:14.031640Z,2,2,Cloud.vSphere.Machine.custom.customadddisk,,

4e9f5956-c1ba-45bb-8974-fb076abfbe09,Add Disk,administrator,,"maks10","['9fee11c3-e47b-407c-b148-b0baacddeadd', '59985d60-57cc-4054-b1df-f6d3cc49e93a']","{'name': 'newDisk', 'capacityGb': '1'}",SUCCESSFUL,,2023-02-02T15:25:12.027793Z,2023-02-02T15:26:14.506612Z,6,6,Cloud.vSphere.Machine.Add.Disk,,

d5489da1-3cac-4b1f-bb1a-95c35c7d4612,Custom Add Disk,administrator,,"maks10",['59985d60-57cc-4054-b1df-f6d3cc49e93a'],"{'vm': {'id': 'sqa-vc67.sqa.local,id:vm-29442', 'type': 'VC:VirtualMachine', 'label': 'Cloud_Machine_1-mcm2527-223598700765'}, 'diskMode': {'id': 'persistent', 'type': 'VC:VirtualDiskMode', 'label': 'persistent'}, 'diskSize': 1, 'scsiBusNumber': 0, 'thinProvisioned': False, 'applyRecommendation': True}",SUCCESSFUL,,2023-02-02T15:24:00.472031Z,2023-02-02T15:24:15.232960Z,2,2,Cloud.vSphere.Machine.custom.customadddisk,,

9
c4ff411-8313-430d-8145-0cfab0a5f92f,Add Disk,administrator,,"maks10","['59985d60-57cc-4054-b1df-f6d3cc49e93a', 'a2802960-2091-4a83-9567-09f7ef6cecc6']","{'name': 'newDisk', 'capacityGb': '1'}",SUCCESSFUL,,2023-02-02T02:13:23.577167Z,2023-02-02T02:14:17.908571Z,6,6,Cloud.vSphere.Machine.Add.Disk,,

77fd8f78-5eb5-4b00-a0ae-06b0e8213698,Custom Add Disk,administrator,,"maks10",['59985d60-57cc-4054-b1df-f6d3cc49e93a'],"{'vm': {'id': 'sqa-vc67.sqa.local,id:vm-29442', 'type': 'VC:VirtualMachine', 'label': 'Cloud_Machine_1-mcm2527-223598700765'}, 'diskMode': {'id': 'persistent', 'type': 'VC:VirtualDiskMode', 'label': 'persistent'}, 'diskSize': 1, 'scsiBusNumber': 0, 'thinProvisioned': False, 'applyRecommendation': True}",SUCCESSFUL,,2023-02-02T02:12:15.166475Z,2023-02-02T02:13:03.655897Z,2,2,Cloud.vSphere.Machine.custom.customadddisk,,

38463ef3-841b-4258-92a9-dc77cb72ab4a,Custom Add Disk,administrator,,"maks10",['59985d60-57cc-4054-b1df-f6d3cc49e93a'],"{'vm': {'id': 'sqa-vc67.sqa.local,id:vm-29442', 'type': 'VC:VirtualMachine', 'label': 'Cloud_Machine_1-mcm2527-223598700765'}, 'diskMode': {'id': 'persistent', 'type': 'VC:VirtualDiskMode', 'label': 'persistent'}, 'diskSize': 1, 'scsiBusNumber': 0, 'thinProvisioned': False, 'applyRecommendation': True}",FAILED,"Error, invalid parameter. Disk size should be no less than 1 or VM datastore count is not 1. (Workflow:Copy of PVE Add Disk / check Params (item4)#2)",2023-02-02T02:10:31.474303Z,2023-02-02T02:10:54.283742Z,2,1,Cloud.vSphere.Machine.custom.customadddisk,,

477bbf7e-9e60-41e3-8d58-30e52b37fa6b,Add Disk,administrator,,"maks10","['b7aac686-7aff-4105-ab2f-b0eae37814ff', '59985d60-57cc-4054-b1df-f6d3cc49e93a']","{'name': 'newDisk', 'capacityGb': '1'}",SUCCESSFUL,,2023-02-02T02:08:43.283996Z,2023-02-02T02:09:50.616675Z,6,6,Cloud.vSphere.Machine.Add.Disk,,

4db2189a-1618-48be-8fa4-daff135fe3bd,Custom Add Disk,administrator,,"maks10",['59985d60-57cc-4054-b1df-f6d3cc49e93a'],"{'vm': {'id': 'sqa-vc67.sqa.local,id:vm-29442', 'type': 'VC:VirtualMachine', 'label': 'Cloud_Machine_1-mcm2527-223598700765'}, 'diskMode': {'id': 'persistent', 'type': 'VC:VirtualDiskMode', 'label': 'persistent'}, 'diskSize': 0.01, 'scsiBusNumber': 0, 'thinProvisioned': False, 'applyRecommendation': True}",SUCCESSFUL,,2023-02-02T02:04:39.093647Z,2023-02-02T02:04:52.995520Z,2,2,Cloud.vSphere.Machine.custom.customadddisk,,

4fd30c05-d298-4431-9f4f-ba5826793ce6,Custom Add Disk,administrator,,"maks10",['59985d60-57cc-4054-b1df-f6d3cc49e93a'],"{'vm': {'id': 'sqa-vc67.sqa.local,id:vm-29442', 'type': 'VC:VirtualMachine', 'label': 'Cloud_Machine_1-mcm2527-223598700765'}, 'diskMode': {'id': 'persistent', 'type': 'VC:VirtualDiskMode', 'label': 'persistent'}, 'diskSize': 0.01, 'scsiBusNumber': 0, 'thinProvisioned': False, 'applyRecommendation': True}",SUCCESSFUL,,2023-02-02T02:01:12.444285Z,2023-02-02T02:02:04.775904Z,2,2,Cloud.vSphere.Machine.custom.customadddisk,,

33e549cd-af5c-479e-9135-badb0b7a7fc7,Custom Add Disk,administrator,,"maks10",['59985d60-57cc-4054-b1df-f6d3cc49e93a'],"{'vm': {'id': 'sqa-vc67.sqa.local,id:vm-29442', 'type': 'VC:VirtualMachine', 'label': 'Cloud_Machine_1-mcm2527-223598700765'}, 'diskMode': {'id': 'persistent', 'type': 'VC:VirtualDiskMode', 'label': 'persistent'}, 'diskSize': 1, 'scsiBusNumber': 0, 'thinProvisioned': False, 'applyRecommendation': True}",SUCCESSFUL,,2023-02-02T01:55:40.546971Z,2023-02-02T01:56:03.868973Z,2,2,Cloud.vSphere.Machine.custom.customadddisk,,

16200ec5-58c4-445f-a2b2-6756df63675e,Custom Add Disk,administrator,,"maks10",['59985d60-57cc-4054-b1df-f6d3cc49e93a'],"{'vm': {'id': 'sqa-vc67.sqa.local,id:vm-29442', 'type': 'VC:VirtualMachine', 'label': 'Cloud_Machine_1-mcm2527-223598700765'}, 'diskMode': {'id': 'persistent', 'type': 'VC:VirtualDiskMode', 'label': 'persistent'}, 'diskSize': 1, 'scsiBusNumber': 0, 'thinProvisioned': False, 'applyRecommendation': True}",FAILED,"Error, invalid parameter. Disk size should be no less than 1 or VM datastore count is not 1. (Workflow:Copy of PVE Add Disk / check Params (item4)#2)",2023-02-02T01:52:29.675029Z,2023-02-02T01:52:42.982510Z,2,1,Cloud.vSphere.Machine.custom.customadddisk,,

fa67cf5c-432b-4ecd-a4fd-9da80c4d2c51,Add Disk,administrator,,"maks10","['0782679b-5f64-42c9-b61c-8a711138718f', '59985d60-57cc-4054-b1df-f6d3cc49e93a']","{'name': 'newDisk', 'capacityGb': '1'}",SUCCESSFUL,,2023-02-02T01:42:43.037751Z,2023-02-02T01:43:43.626740Z,6,6,Cloud.vSphere.Machine.Add.Disk,,

a7f85835-f0b0-46a5-9942-6b78efd7f726,Custom Add Disk,administrator,,"maks10",['59985d60-57cc-4054-b1df-f6d3cc49e93a'],"{'vm': {'id': 'sqa-vc67.sqa.local,id:vm-29442', 'type': 'VC:VirtualMachine', 'label': 'Cloud_Machine_1-mcm2527-223598700765'}, 'diskMode': {'id': 'persistent', 'type': 'VC:VirtualDiskMode', 'label': 'persistent'}, 'diskSize': 0.01, 'scsiBusNumber': 0, 'thinProvisioned': False, 'applyRecommendation': True}",SUCCESSFUL,,2023-02-02T01:41:33.460525Z,2023-02-02T01:41:44.326126Z,2,2,Cloud.vSphere.Machine.custom.customadddisk,,

036f8330-8a39-4507-b5aa-4bbdb5c5efc6,Power On,administrator,,"maks10",['59985d60-57cc-4054-b1df-f6d3cc49e93a'],,SUCCESSFUL,,2023-02-02T01:36:14.902394Z,2023-02-02T01:36:34.174450Z,2,2,Cloud.vSphere.Machine.PowerOn,,

f96003b5-3645-4f5d-b1e6-0f5ed965bedc,Custom Add Disk,administrator,,"maks10",['59985d60-57cc-4054-b1df-f6d3cc49e93a'],"{'vm': {'id': 'sqa-vc67.sqa.local,id:vm-29442', 'type': 'VC:VirtualMachine', 'label': 'Cloud_Machine_1-mcm2527-223598700765'}, 'diskMode': {'id': 'persistent', 'type': 'VC:VirtualDiskMode', 'label': 'persistent'}, 'diskSize': 0.01, 'scsiBusNumber': 0, 'thinProvisioned': False, 'applyRecommendation': True}",SUCCESSFUL,,2023-02-02T01:35:01.782711Z,2023-02-02T01:35:24.231483Z,2,2,Cloud.vSphere.Machine.custom.customadddisk,,

02a4bd69-d93c-44e6-8909-957971de8244,Create VM Property,administrator,,"maks10",['59985d60-57cc-4054-b1df-f6d3cc49e93a'],{'New Owner': 'testUser1'},FAILED,TypeError: Cannot find function createRestClient in object notfound. (Workflow:Get operation / Rest client - GET operation (item1)#12759),2023-02-02T01:29:37.850387Z,2023-02-02T01:29:54.011740Z,2,1,Cloud.vSphere.Machine.custom.createproperty,,

f59dd9b7-3217-4fe0-9b99-8a702e3e4513,Custom Add Disk,administrator,,"maks10",['59985d60-57cc-4054-b1df-f6d3cc49e93a'],"{'vm': {'id': 'sqa-vc67.sqa.local,id:vm-29442', 'type': 'VC:VirtualMachine', 'label': 'Cloud_Machine_1-mcm2527-223598700765'}, 'diskMode': {'id': 'persistent', 'type': 'VC:VirtualDiskMode', 'label': 'persistent'}, 'diskSize': 0.01, 'scsiBusNumber': 0, 'thinProvisioned': False, 'applyRecommendation': True}",SUCCESSFUL,,2023-02-02T01:28:26.133495Z,2023-02-02T01:28:44.056411Z,2,2,Cloud.vSphere.Machine.custom.customadddisk,,

2e2b89a4-9634-4e4b-96d1-6882e974c9e9,Custom Add Disk,administrator,,"maks10",['59985d60-57cc-4054-b1df-f6d3cc49e93a'],"{'vm': {'id': 'sqa-vc67.sqa.local,id:vm-29442', 'type': 'VC:VirtualMachine', 'label': 'Cloud_Machine_1-mcm2527-223598700765'}, 'diskMode': {'id': 'persistent', 'type': 'VC:VirtualDiskMode', 'label': 'persistent'}, 'diskSize': 0.01, 'scsiBusNumber': 0, 'thinProvisioned': False, 'applyRecommendation': True}",SUCCESSFUL,,2023-02-02T01:08:50.261553Z,2023-02-02T01:09:03.282002Z,2,2,Cloud.vSphere.Machine.custom.customadddisk,,

d8ce5185-6f09-4eb9-ab55-3f1a77eed0d5,Custom Add Disk,administrator,,"maks10",['59985d60-57cc-4054-b1df-f6d3cc49e93a'],"{'vm': {'id': 'sqa-vc67.sqa.local,id:vm-29442', 'type': 'VC:VirtualMachine', 'label': 'Cloud_Machine_1-mcm2527-223598700765'}, 'diskMode': {'id': 'persistent', 'type': 'VC:VirtualDiskMode', 'label': 'persistent'}, 'diskSize': 0.01, 'scsiBusNumber': 0, 'thinProvisioned': False, 'applyRecommendation': True}",SUCCESSFUL,,2023-02-02T00:46:47.906711Z,2023-02-02T00:47:03.141576Z,2,2,Cloud.vSphere.Machine.custom.customadddisk,,

3ab0536e-f26b-42dc-9688-3e8a900028c9,Custom Add Disk,administrator,,"maks10",['59985d60-57cc-4054-b1df-f6d3cc49e93a'],"{'vm': {'id': 'sqa-vc67.sqa.local,id:vm-29442', 'type': 'VC:VirtualMachine', 'label': 'Cloud_Machine_1-mcm2527-223598700765'}, 'diskMode': {'id': 'persistent', 'type': 'VC:VirtualDiskMode', 'label': 'persistent'}, 'diskSize': 0.01, 'scsiBusNumber': 0, 'thinProvisioned': False, 'applyRecommendation': True}",SUCCESSFUL,,2023-02-02T00:28:06.044206Z,2023-02-02T00:28:23.999423Z,2,2,Cloud.vSphere.Machine.custom.customadddisk,,

c22280c6-a5d3-42dd-bdc5-e50e15d66671,Custom Add Disk,administrator,,"maks10",['59985d60-57cc-4054-b1df-f6d3cc49e93a'],"{'vm': {'id': 'sqa-vc67.sqa.local,id:vm-29442', 'type': 'VC:VirtualMachine', 'label': 'Cloud_Machine_1-mcm2527-223598700765'}, 'diskMode': {'id': 'persistent', 'type': 'VC:VirtualDiskMode', 'label': 'persistent'}, 'diskSize': 0.01, 'scsiBusNumber': 0, 'thinProvisioned': False, 'applyRecommendation': False}",ABORTED,Cancel requested by administrator,2023-02-02T00:27:28.433563Z,2023-02-02T00:27:38.183751Z,2,0,Cloud.vSphere.Machine.custom.customadddisk,,

9e4845b6-8fe4-47df-a40b-a6525950761f,Custom Add Disk,administrator,,"maks10",['59985d60-57cc-4054-b1df-f6d3cc49e93a'],"{'vm': {'id': 'sqa-vc67.sqa.local,id:vm-29442', 'type': 'VC:VirtualMachine', 'label': 'Cloud_Machine_1-mcm2527-223598700765'}, 'diskMode': {'id': 'persistent', 'type': 'VC:VirtualDiskMode', 'label': 'persistent'}, 'diskSize': 0.01, 'scsiBusNumber': 0, 'thinProvisioned': False, 'applyRecommendation': True}",SUCCESSFUL,,2023-02-02T00:23:59.838146Z,2023-02-02T00:24:54.038807Z,2,2,Cloud.vSphere.Machine.custom.customadddisk,,

26b45cdb-3754-46a2-8825-5478149362d1,Custom Add Disk,administrator,,"maks10",['59985d60-57cc-4054-b1df-f6d3cc49e93a'],"{'vm': {'id': 'sqa-vc67.sqa.local,id:vm-29442', 'type': 'VC:VirtualMachine', 'label': 'Cloud_Machine_1-mcm2527-223598700765'}, 'diskMode': {'id': 'persistent', 'type': 'VC:VirtualDiskMode', 'label': 'persistent'}, 'diskSize': 0.01, 'scsiBusNumber': 0, 'thinProvisioned': False, 'applyRecommendation': True}",FAILED,"ReferenceError: ""dt"" is not defined. (Workflow:Copy of PVE Add Disk / Get Current Time (item22)#1)",2023-02-02T00:09:46.643081Z,2023-02-02T00:10:04.119656Z,2,1,Cloud.vSphere.Machine.custom.customadddisk,,

adb4febc-9007-4114-87b1-da9deba3294b,Custom Add Disk,administrator,,"maks10",['59985d60-57cc-4054-b1df-f6d3cc49e93a'],"{'vm': {'id': 'sqa-vc67.sqa.local,id:vm-29442', 'type': 'VC:VirtualMachine', 'label': 'Cloud_Machine_1-mcm2527-223598700765'
}, 'diskMode': {'id': 'persistent', 'type': 'VC:VirtualDiskMode', 'label': 'persistent'}, 'diskSize': 0.01, 'scsiBusNumber': 0, 'thinProvisioned': False, 'applyRecommendation': True}",FAILED,"Cannot schedule workflow : Task ""VM Day 2 Action Call"" is planned in the past [2/2/23, 12:04 AM]!",2023-02-02T00:04:40.453826Z,2023-02-02T00:04:54.625294Z,2,1,Cloud.vSphere.Machine.custom.customadddisk,,

1d7df957-920c-4e6b-bd43-410c1650cf0c,Custom Add Disk,administrator,,"maks10",['59985d60-57cc-4054-b1df-f6d3cc49e93a'],"{'vm': {'id': 'sqa-vc67.sqa.local,id:vm-29442', 'type': 'VC:VirtualMachine', 'label': 'Cloud_Machine_1-mcm2527-223598700765'}, 'diskMode': {'id': 'persistent', 'type': 'VC:VirtualDiskMode', 'label': 'persistent'}, 'diskSize': 0.01, 'scsiBusNumber': 0, 'thinProvisioned': False, 'applyRecommendation': True}",FAILED,Cannot schedule workflow : 'startDate' parameter is not a Date object !,2023-02-02T00:00:45.444842Z,2023-02-02T00:01:04.828425Z,2,1,Cloud.vSphere.Machine.custom.customadddisk,,

642a80e7-cd0e-422b-b559-ff258b556fbd,Power Off,administrator,,"maks10",['59985d60-57cc-4054-b1df-f6d3cc49e93a'],,SUCCESSFUL,,2023-02-01T23:52:00.262184Z,2023-02-01T23:52:36.385086Z,2,2,Cloud.vSphere.Machine.PowerOff,,

647e9c25-1bc9-4842-92cd-3045365f514e,Custom Add Disk,administrator,,"maks10",['59985d60-57cc-4054-b1df-f6d3cc49e93a'],"{'vm': {'id': 'sqa-vc67.sqa.local,id:vm-29442', 'type': 'VC:VirtualMachine', 'label': 'Cloud_Machine_1-mcm2527-223598700765'}, 'diskMode': {'id': 'persistent', 'type': 'VC:VirtualDiskMode', 'label': 'persistent'}, 'diskSize': 0.01, 'scsiBusNumber': 0, 'thinProvisioned': False, 'applyRecommendation': True}",SUCCESSFUL,,2023-02-01T23:51:07.629356Z,2023-02-01T23:51:24.448143Z,2,2,Cloud.vSphere.Machine.custom.customadddisk,,

783d586e-bab2-4ede-aafa-4e4178d9c348,Custom Add Disk,administrator,,"maks10",['59985d60-57cc-4054-b1df-f6d3cc49e93a'],"{'vm': {'id': 'sqa-vc67.sqa.local,id:vm-29442', 'type': 'VC:VirtualMachine', 'label': 'Cloud_Machine_1-mcm2527-223598700765'}, 'diskMode': {'id': 'persistent', 'type': 'VC:VirtualDiskMode', 'label': 'persistent'}, 'diskSize': 0.01, 'scsiBusNumber': 0, 'thinProvisioned': False, 'applyRecommendation': True}",SUCCESSFUL,,2023-02-01T23:48:04.426592Z,2023-02-01T23:48:24.001506Z,2,2,Cloud.vSphere.Machine.custom.customadddisk,,

ab9967b6-e2a0-4b2c-97f1-a5ffc2abac56,Custom Add Disk,administrator,,"maks10",['59985d60-57cc-4054-b1df-f6d3cc49e93a'],"{'vm': {'id': 'sqa-vc67.sqa.local,id:vm-29442', 'type': 'VC:VirtualMachine', 'label': 'Cloud_Machine_1-mcm2527-223598700765'}, 'diskMode': {'id': 'persistent', 'type': 'VC:VirtualDiskMode', 'label': 'persistent'}, 'diskSize': 0.01, 'scsiBusNumber': 0, 'thinProvisioned': False, 'applyRecommendation': True}",SUCCESSFUL,,2023-02-01T23:39:40.095434Z,2023-02-01T23:39:53.299039Z,2,2,Cloud.vSphere.Machine.custom.customadddisk,,

d9fd34ff-2e85-42a9-b402-52218beb1ce4,Power On,administrator,,"maks10",['59985d60-57cc-4054-b1df-f6d3cc49e93a'],,SUCCESSFUL,,2023-02-01T23:21:16.495771Z,2023-02-01T23:21:50.949911Z,2,2,Cloud.vSphere.Machine.PowerOn,,

ff2262f7-4d37-409a-9fe4-0967c8097fad,Custom Add Disk,administrator,,"maks10",['59985d60-57cc-4054-b1df-f6d3cc49e93a'],"{'vm': {'id': 'sqa-vc67.sqa.local,id:vm-29442', 'type': 'VC:VirtualMachine', 'label': 'Cloud_Machine_1-mcm2527-223598700765'}, 'diskMode': {'id': 'persistent', 'type': 'VC:VirtualDiskMode', 'label': 'persistent'}, 'diskSize': 0.01, 'scsiBusNumber': 0, 'thinProvisioned': False, 'applyRecommendation': True}",SUCCESSFUL,,2023-02-01T23:12:23.223637Z,2023-02-01T23:12:43.523302Z,2,2,Cloud.vSphere.Machine.custom.customadddisk,,

c4a4aa0a-970d-4df7-91d8-4ecf27339aff,Custom Add Disk,administrator,,"maks10",['59985d60-57cc-4054-b1df-f6d3cc49e93a'],"{'vm': {'id': 'sqa-vc67.sqa.local,id:vm-29442', 'type': 'VC:VirtualMachine', 'label': 'Cloud_Machine_1-mcm2527-223598700765'}, 'diskMode': {'id': 'persistent', 'type': 'VC:VirtualDiskMode', 'label': 'persistent'}, 'diskSize': 0.01, 'scsiBusNumber': 0, 'thinProvisioned': False, 'applyRecommendation': True}",SUCCESSFUL,,2023-02-01T23:09:13.959844Z,2023-02-01T23:09:34.791403Z,2,2,Cloud.vSphere.Machine.custom.customadddisk,,

59eec3ab-9854-44fb-939a-bbf0b50aeac4,Custom Add Disk,administrator,,"maks10",['59985d60-57cc-4054-b1df-f6d3cc49e93a'],"{'vm': {'id': 'sqa-vc67.sqa.local,id:vm-29442', 'type': 'VC:VirtualMachine', 'label': 'Cloud_Machine_1-mcm2527-223598700765'}, 'diskMode': {'id': 'persistent', 'type': 'VC:VirtualDiskMode', 'label': 'persistent'}, 'diskSize': 0.01, 'scsiBusNumber': 0, 'thinProvisioned': False, 'applyRecommendation': True}",SUCCESSFUL,,2023-02-01T23:04:33.691660Z,2023-02-01T23:04:53.557162Z,2,2,Cloud.vSphere.Machine.custom.customadddisk,,

eaf79a6b-144b-4d61-a59c-d43fcfd69d08,Power Off,administrator,,"maks10",['59985d60-57cc-4054-b1df-f6d3cc49e93a'],,SUCCESSFUL,,2023-02-01T23:02:51.026306Z,2023-02-01T23:03:23.203483Z,2,2,Cloud.vSphere.Machine.PowerOff,,

0d870b33-7a32-474b-b6d8-728fb7773a35,Custom Add Disk,administrator,,"maks10",['59985d60-57cc-4054-b1df-f6d3cc49e93a'],"{'vm': {'id': 'sqa-vc67.sqa.local,id:vm-29442', 'type': 'VC:VirtualMachine', 'label': 'Cloud_Machine_1-mcm2527-223598700765'}, 'diskMode': {'id': 'persistent', 'type': 'VC:VirtualDiskMode', 'label': 'persistent'}, 'diskSize': 0.01, 'scsiBusNumber': 0, 'thinProvisioned': False, 'applyRecommendation': True}",SUCCESSFUL,,2023-02-01T22:59:12.820202Z,2023-02-01T22:59:33.573769Z,2,2,Cloud.vSphere.Machine.custom.customadddisk,,

2c3c0b4f-2e06-4328-bc12-25d65e52b7e8,Custom Add Disk,administrator,,"maks10",['59985d60-57cc-4054-b1df-f6d3cc49e93a'],"{'vm': {'id': 'sqa-vc67.sqa.local,id:vm-29442', 'type': 'VC:VirtualMachine', 'label': 'Cloud_Machine_1-mcm2527-223598700765'}, 'diskMode': {'id': 'persistent', 'type': 'VC:VirtualDiskMode', 'label': 'persistent'}, 'diskSize': 0.01, 'scsiBusNumber': 0, 'thinProvisioned': False, 'applyRecommendation': True}",SUCCESSFUL,,2023-02-01T22:55:45.077120Z,2023-02-01T22:55:54.062766Z,2,2,Cloud.vSphere.Machine.custom.customadddisk,,

27b88f14-9b51-4380-a37c-fe952d75d7c9,Custom Add Disk,administrator,,"maks10",['59985d60-57cc-4054-b1df-f6d3cc49e93a'],"{'vm': {'id': 'sqa-vc67.sqa.local,id:vm-29442', 'type': 'VC:VirtualMachine', 'label': 'Cloud_Machine_1-mcm2527-223598700765'}, 'diskMode': {'id': 'persistent', 'type': 'VC:VirtualDiskMode', 'label': 'persistent'}, 'diskSize': 0.01, 'scsiBusNumber': 0, 'thinProvisioned': False, 'applyRecommendation': True}",SUCCESSFUL,,2023-02-01T22:54:33.451911Z,2023-02-01T22:54:52.479297Z,2,2,Cloud.vSphere.Machine.custom.customadddisk,,

ae539851-95ad-4e14-a902-e6eec4d741b9,Custom Add Disk,administrator,,"maks10",['59985d60-57cc-4054-b1df-f6d3cc49e93a'],"{'vm': {'id': 'sqa-vc67.sqa.local,id:vm-29442', 'type': 'VC:VirtualMachine', 'label': 'Cloud_Machine_1-mcm2527-223598700765'}, 'diskMode': {'id': 'persistent', 'type': 'VC:VirtualDiskMode', 'label': 'persistent'}, 'diskSize': 0.01, 'scsiBusNumber': 0, 'thinProvisioned': False, 'applyRecommendation': True}",SUCCESSFUL,,2023-02-01T22:45:32.129902Z,2023-02-01T22:45:42.795191Z,2,2,Cloud.vSphere.Machine.custom.customadddisk,,

5217f5ae-fa22-4445-bf02-e240af4fc1e1,Custom Add Disk,administrator,,"maks10",['59985d60-57cc-4054-b1df-f6d3cc49e93a'],"{'vm': {'id': 'sqa-vc67.sqa.local,id:vm-29442', 'type': 'VC:VirtualMachine', 'label': 'Cloud_Machine_1-mcm2527-223598700765'}, 'diskMode': {'id': 'persistent', 'type': 'VC:VirtualDiskMode', 'label': 'persistent'}, 'diskSize': 0.01, 'scsiBusNumber': 0, 'thinProvisioned': False, 'applyRecommendation': True}",FAILED,A JSONObject text must begin with '{' at 1 [character 2 line 1] (Workflow:Copy of PVE Add Disk / Add Disk API Call (item22)#18),2023-02-01T22:44:23.955049Z,2023-02-01T22:44:43.265516Z,2,1,Cloud.vSphere.Machine.custom.customadddisk,,

62bcb28d-7cbc-4dd7-b650-3a7baad4b63a,Custom Add Disk,administrator,,"maks10",['59985d60-57cc-4054-b1df-f6d3cc49e93a'],"{'vm': {'id': 'sqa-vc67.sqa.local,id:vm-29442', 'type': 'VC:VirtualMachine', 'label': 'Cloud_Machine_1-mcm2527-223598700765'}, 'diskMode': {'id': 'persistent', 'type': 'VC:VirtualDiskMode', 'label': 'persistent'}, 'diskSize': 0.01, 'scsiBusNumber': 0, 'thinProvisioned': True, 'applyRecommendation': False}",FAILED,Cannot convert undefined to com.vmware.o11n.sdk.modeldriven.ModelWrapper (Dynamic Script Module name : invokeSDRSRecommendationWithChange#113),2023-02-01
T21:44:07.721039Z,2023-02-01T21:44:24.255280Z,2,1,Cloud.vSphere.Machine.custom.customadddisk,,

a2f82719-0f9f-4c93-87b8-9d83dde95204,Create,administrator,"VM2","maks10","['d149073f-32ba-4bf6-9827-2ff8bacc755d', '59985d60-57cc-4054-b1df-f6d3cc49e93a']",,SUCCESSFUL,,2023-01-31T22:44:37.100834Z,2023-01-31T23:06:58.185218Z,7,7,,,

67efc142-3cbd-4090-a5c3-eef976231764,Change Owner,administrator,,"Deployment-bd61fb44-90b6-470f-8c2a-825bee1f2298","['64e1a7bd-f156-4ce4-ab0b-947b4a4692f8', 'e9c54cb3-4fa9-4828-82d4-47f05f8b1284', '622cbc63-6674-48e0-8649-7fb9350051d7', 'e0f7e267-68ae-413c-a09a-f7d9da942e1c', 'aaea9a01-e563-342b-b02e-85a1f065434f', '3e69b672-fd2b-4e70-a4bb-6246d510bc4b', '60f0dbed-a3c5-4e28-8ff0-47f1e8582a05']",{'New Owner': 'testUser1'},SUCCESSFUL,,2023-02-06T23:13:43.322223Z,2023-02-06T23:14:33.624803Z,10,10,Deployment.ChangeOwner,,

9efb8435-0457-4fbf-98db-933f81779ddf,Custom Add Disk,administrator,,"Deployment-bd61fb44-90b6-470f-8c2a-825bee1f2298",['aaea9a01-e563-342b-b02e-85a1f065434f'],"{'vm': {'id': 'sqa-vc67.sqa.local,id:vm-29336', 'type': 'VC:VirtualMachine', 'label': 'makTest2'}, 'diskMode': {'id': 'persistent', 'type': 'VC:VirtualDiskMode', 'label': 'persistent'}, 'diskSize': 0.01, 'scsiBusNumber': 0, 'thinProvisioned': False, 'applyRecommendation': True}",SUCCESSFUL,,2023-01-31T00:36:16.767713Z,2023-01-31T00:37:10.273683Z,2,2,Cloud.vSphere.Machine.custom.customadddisk,,

a97ea0d8-7816-4328-a39f-d5239ecda30c,Add Disk,administrator,,"Deployment-bd61fb44-90b6-470f-8c2a-825bee1f2298","['aaea9a01-e563-342b-b02e-85a1f065434f', 'b4fd2f66-c583-4191-b6e1-6ca77571ba13', '6c629c42-2f9c-4a3a-9b96-d029d3fa40c3', '0a514d80-ada1-4d07-b6e1-ec9af4eb6f06']","{'name': 'disk6', 'encrypted': False, 'capacityGb': 1, 'persistent': False, 'useVmFolderForCreate': True}",FAILED,Service not found: http://10.244.0.116:8282/resources/disks/bad18f50-d035-4562-aa3c-350b5683566c,2023-01-03T23:05:01.907678Z,2023-01-03T23:05:05.929077Z,9,2,Cloud.vSphere.Machine.Add.Disk,,

4e065877-c883-49b5-870b-b9e408175360,Add Disk,administrator,,"Deployment-bd61fb44-90b6-470f-8c2a-825bee1f2298","['aaea9a01-e563-342b-b02e-85a1f065434f', 'b4fd2f66-c583-4191-b6e1-6ca77571ba13']","{'name': 'disk5', 'encrypted': False, 'capacityGb': 1, 'persistent': False, 'useVmFolderForCreate': True}",ABORTED,Cancel requested by administrator,2023-01-03T23:02:49.220232Z,2023-01-03T23:03:41.820850Z,6,4,Cloud.vSphere.Machine.Add.Disk,,

bd2897aa-f7cf-4e2f-bf3a-72995387210b,Add Disk,administrator,,"Deployment-bd61fb44-90b6-470f-8c2a-825bee1f2298","['e9c54cb3-4fa9-4828-82d4-47f05f8b1284', 'e0f7e267-68ae-413c-a09a-f7d9da942e1c', 'aaea9a01-e563-342b-b02e-85a1f065434f', '7a9b7d6d-222f-49a5-b05a-ba55ade520b0']","{'name': 'disk4', 'encrypted': False, 'capacityGb': 1, 'persistent': False, 'useVmFolderForCreate': True}",SUCCESSFUL,,2023-01-03T23:00:08.972017Z,2023-01-03T23:01:14.010822Z,9,9,Cloud.vSphere.Machine.Add.Disk,,

2b93884f-298f-4b40-aa76-20d7b7b146bb,Add Disk,administrator,,"Deployment-bd61fb44-90b6-470f-8c2a-825bee1f2298","['aaea9a01-e563-342b-b02e-85a1f065434f', '7a9b7d6d-222f-49a5-b05a-ba55ade520b0']","{'name': 'disk3', 'encrypted': False, 'capacityGb': 1, 'persistent': False, 'useVmFolderForCreate': True}",ABORTED,Cancel requested by administrator,2023-01-03T22:56:46.710601Z,2023-01-03T22:57:48.518499Z,6,4,Cloud.vSphere.Machine.Add.Disk,,

fbce5ca7-2029-4621-91b7-66542d509802,Add Disk,administrator,,"Deployment-bd61fb44-90b6-470f-8c2a-825bee1f2298","['aaea9a01-e563-342b-b02e-85a1f065434f', '60f0dbed-a3c5-4e28-8ff0-47f1e8582a05']","{'name': 'disk2', 'encrypted': False, 'capacityGb': 1, 'persistent': False, 'useVmFolderForCreate': True}",SUCCESSFUL,,2023-01-03T22:45:22.356780Z,2023-01-03T22:46:26.415682Z,6,6,Cloud.vSphere.Machine.Add.Disk,,

b5271bc6-b1fa-4ba4-a42f-07f98280ea54,Add Disk,administrator,,"Deployment-bd61fb44-90b6-470f-8c2a-825bee1f2298","['622cbc63-6674-48e0-8649-7fb9350051d7', 'aaea9a01-e563-342b-b02e-85a1f065434f']","{'name': 'disk1', 'encrypted': False, 'capacityGb': 1, 'persistent': False, 'useVmFolderForCreate': True}",SUCCESSFUL,,2023-01-03T22:01:43.897203Z,2023-01-03T22:02:40.721520Z,6,6,Cloud.vSphere.Machine.Add.Disk,,

6bda538b-e137-4d78-80bb-5cc2522b91cd,Onboard,administrator,,"Deployment-bd61fb44-90b6-470f-8c2a-825bee1f2298",['aaea9a01-e563-342b-b02e-85a1f065434f'],,SUCCESSFUL,,2022-12-23T23:09:57.559316Z,2022-12-23T23:09:57.909851Z,0,0,,,

a3bbe332-cfbe-4060-ba67-fbf8adad69cf,Create,administrator,"junwei","junwei",['e9983b6d-8b88-485a-92e1-2090d433bb6d'],,FAILED,"Extensibility triggered task failed. Event ID: de727e26-5f36-344e-b138-1fd07bf9cf12. Failure: Extensibility error received for topic compute.provision.pre, eventId = 'de727e26-5f36-344e-b138-1fd07bf9cf12': [10040] SubscriberID: vro-gateway-DXolUjotHm3I2PCF, RunnableID: 3852f5be-1103-4f08-8746-75458fdd914f and SubscriptionID: sub_1671482754142 failed with the following error: Workflow run [c46c5f1f-6b1a-4361-945f-146bf1b89c66] completed with error [TypeError: Cannot read property ""length"" from null (Workflow:rest call test (2) / Get hostSelectionIds (item5)#4)]",2022-12-21T19:37:46.558753Z,2022-12-21T19:38:35.468600Z,5,4,,,

45323e7c-c395-46be-8468-5f23154fe70e,Delete,administrator,,"maks2","['b34423b8-d8fa-3607-ab99-a8fbcfb30bd7', 'aa5a9ada-737c-368c-8e2f-f6801dde199e', 'f373d923-27dc-39eb-9096-2dc6ec68e7e1', '972e7def-4e52-4524-b8e9-d1834733254b']",,FAILED,com.vmware.xenon.common.ServiceHost$ServiceNotFoundException: Service not found: http://10.244.0.238:8282/resources/endpoints/d3fd0145-925a-41cd-81e9-7fe78becbac5,2023-07-25T16:24:06.033567Z,2023-07-25T16:24:26.591862Z,7,6,Deployment.Delete,,

cc9e001c-9d81-46c7-aaac-dde260c1d9ba,Add Disk,administrator,,"maks2","['b34423b8-d8fa-3607-ab99-a8fbcfb30bd7', '60da9278-256a-4741-b77f-0d1d2cf43cf3']","{'name': 'disk_add-after', 'encrypted': False, 'capacityGb': 1, 'persistent': False, 'useVmFolderForCreate': True}",FAILED,No matching placement,2022-12-21T00:56:05.729994Z,2022-12-21T00:56:26.896562Z,6,2,Cloud.vSphere.Machine.Add.Disk,,

5f548440-efd3-46cd-bfdc-3a625ae8a627,Onboard,administrator,,"maks2",['b34423b8-d8fa-3607-ab99-a8fbcfb30bd7'],,SUCCESSFUL,,2022-12-21T00:36:54.460797Z,2022-12-21T00:36:54.917290Z,0,0,,,

4a8fb892-c44b-4711-ac70-2f84042642e2,Custom Add Disk,administrator,,"maks3",['38cb9274-e967-45e3-84c4-9ec653d0d7b6'],"{'vm': {'id': 'sqa-vc67.sqa.local,id:vm-29169', 'type': 'VC:VirtualMachine', 'label': 'Cloud_Machine_1-mcm1968-218884158481'}, 'diskMode': {'id': 'persistent', 'type': 'VC:VirtualDiskMode', 'label': 'persistent'}, 'diskSize': 0.01, 'scsiBusNumber': 1, 'thinProvisioned': True, 'applyRecommendation': True}",SUCCESSFUL,,2023-01-25T20:50:16.584552Z,2023-01-25T20:51:09.703090Z,2,2,Cloud.vSphere.Machine.custom.customadddisk,,

02f91349-83d9-4c53-b4f9-93a137710101,Custom Add Disk,administrator,,"maks3",['38cb9274-e967-45e3-84c4-9ec653d0d7b6'],"{'vm': {'id': 'sqa-vc67.sqa.local,id:vm-29169', 'type': 'VC:VirtualMachine', 'label': 'Cloud_Machine_1-mcm1968-218884158481'}, 'diskMode': {'id': 'persistent', 'type': 'VC:VirtualDiskMode', 'label': 'persistent'}, 'diskSize': 0.01, 'scsiBusNumber': 0, 'thinProvisioned': True, 'applyRecommendation': True}",FAILED,Error: No unit number found,2023-01-25T20:44:37.916639Z,2023-01-25T20:45:29.447428Z,2,1,Cloud.vSphere.Machine.custom.customadddisk,,

2462438c-6cdc-45aa-8048-315ee61484d8,Custom Add Disk,administrator,,"maks3",['38cb9274-e967-45e3-84c4-9ec653d0d7b6'],"{'vm': {'id': 'sqa-vc67.sqa.local,id:vm-29169', 'type': 'VC:VirtualMachine', 'label': 'Cloud_Machine_1-mcm1968-218884158481'}, 'diskMode': {'id': 'persistent', 'type': 'VC:VirtualDiskMode', 'label': 'persistent'}, 'diskSize': 0.01, 'scsiBusNumber': 1, 'thinProvisioned': True, 'applyRecommendation': False}",SUCCESSFUL,,2023-01-25T20:06:23.933498Z,2023-01-25T20:06:40.540747Z,2,2,Cloud.vSphere.Machine.custom.customadddisk,,"{'updatedVM': 'SDKObject [type=VC:VirtualMachine, href=https://sm-vra8c.sqa.local:443/vco/api/catalog/VC/VirtualMachine/sqa-vc67.sqa.local%252Cid%253Avm-29169/, id=sqa-vc67.sqa.local,id:vm-29169, displayValue=null]'}"

27e6b259-a5ea-4f04-83dd-7cfaa8b7cf82,Custom Add Disk,administrator,,"maks3",['38cb9274-e967-45e3-84c4-9ec653d0d7b6'],"{'vm': {'id': 'sqa-vc67.sqa.local,id:vm-29169', 'type': 'VC:VirtualMachine', 'label': 'Cloud_Machine_1-mcm1968-218884158481'}, 'diskMode': {'id': 'persistent', 'type': 'VC:VirtualDiskMode', 'label': 'persistent'}, 'diskSize': 0.01, 'scsiBusNumber': 0, 'thinProvisioned': False, 'applyRecommendation': False}",FAILED,Error: No unit number found,2023-01-25T20:04:31.752109Z,2023-01-25T20:04:49.606485Z,2,1,Cloud.vSphere.Machine.custom.customadddisk,,

910690ca-c1ff-4302-a6d0-d49121339e0c,Custom Add Disk,administrator,,"maks3",['38cb9274-e967-45e3-84c4-9ec653d0d7b6'],"{'vm': {'id': 'sqa-vc67.sqa.local,id:vm-29169', 'type': 'VC:VirtualMachine', 'label': 'Cloud_Machine_1-mcm1968-218884158481'}, 'diskMode': {'id': 'persistent', 'type': 'VC:VirtualDiskMode', 'label': 'persistent'}, 'diskSize': 0.01, 'scsiBusNumber': 1, 'thinProvisioned': False, 'applyRecommendation': True}",SUCCESSFUL,,2023-01-20T19:48:58.647019Z,2023-01-20T19:49:53.431105Z,2,2,Cloud.vSphere.Machine.custom.customadddisk,,"{'updatedVM': 'SDKObject [type=VC:VirtualMachine, href=https://sm-vra8c.sqa.local:443/vco/api/catalog/VC/VirtualMachine/sqa-vc67.sqa.local%252Cid%253Avm-29169/, id=sqa-vc67.sqa.local,id:vm-29169, displayValue=null]'}"

7b60aef6-e299-4aee-a4a6-3fdd99ea37dc,Custom Add Disk,administrator,,"maks3",['38cb9274-e967-45e3-84c4-9ec653d0d7b6'],"{'vm': {'id': 'sqa-vc67.sqa.local,id:vm-29169', 'type': 'VC:VirtualMachine', 'label': 'Cloud_Machine_1-mcm1968-218884158481'}, 'diskMode': {'id': 'persistent', 'type': 'VC:VirtualDiskMode', 'label': 'persistent'}, 'diskSize': 0.01, 'scsiBusNumber': 1, 'thinProvisioned': False, 'applyRecommendation': True}",SUCCESSFUL,,2023-01-20T05:39:56.549660Z,2023-01-20T05:40:52.131765Z,2,2,Cloud.vSphere.Machine.custom.customadddisk,,

def7e9e1-6da1-4cd5-94ad-f958bdc00f32,Custom Add Disk,administrator,,"maks3",['38cb9274-e967-45e3-84c4-9ec653d0d7b6'],"{'vm': {'id': 'sqa-vc67.sqa.local,id:vm-29169', 'type': 'VC:VirtualMachine', 'label': 'Cloud_Machine_1-mcm1968-218884158481'}, 'diskMode': {'id': 'persistent', 'type': 'VC:VirtualDiskMode', 'label': 'persistent'}, 'diskSize': 0.01, 'scsiBusNumber': 0, 'thinProvisioned': False, 'applyRecommendation': True}",FAILED,Error: No unit number found,2023-01-20T05:38:49.255742Z,2023-01-20T05:39:11.717768Z,2,1,Cloud.vSphere.Machine.custom.customadddisk,,

6a564bf6-9dd8-4048-97ca-b11ebdc843e3,Custom Add Disk,administrator,,"maks3",['38cb9274-e967-45e3-84c4-9ec653d0d7b6'],"{'vm': {'id': 'sqa-vc67.sqa.local,id:vm-29169', 'type': 'VC:VirtualMachine', 'label': 'Cloud_Machine_1-mcm1968-218884158481'}, 'diskMode': {'id': 'persistent', 'type': 'VC:VirtualDiskMode', 'label': 'persistent'}, 'diskSize': 0.01, 'scsiBusNumber': 0, 'thinProvisioned': False, 'applyRecommendation': False}",FAILED,Error: No unit number found,2023-01-20T05:32:06.239132Z,2023-01-20T05:32:22.436191Z,2,1,Cloud.vSphere.Machine.custom.customadddisk,,

c79d84db-9eb7-4f9d-8c34-e643f6d281e6,Custom Add Disk,administrator,,"maks3",['38cb9274-e967-45e3-84c4-9ec653d0d7b6'],"{'vm': {'id': 'sqa-vc67.sqa.local,id:vm-29169', 'type': 'VC:VirtualMachine', 'label': 'Cloud_Machine_1-mcm1968-218884158481'}, 'diskSize': 0.01, 'scsiBusNumber': 1, 'thinProvisioned': False, 'applyRecommendation': False}",FAILED,"TypeError: Cannot read property ""value"" from null (Workflow:PVE Add Disk / Add disk (item0)#7)",2023-01-20T05:06:23.210267Z,2023-01-20T05:06:41.403025Z,2,1,Cloud.vSphere.Machine.custom.customadddisk,,

103db947-ab19-40ca-82af-af02a4937c9a,Custom Add Disk,administrator,,"maks3",['38cb9274-e967-45e3-84c4-9ec653d0d7b6'],"{'vm': {'id': 'sqa-vc67.sqa.local,id:vm-29169', 'type': 'VC:VirtualMachine', 'label': 'Cloud_Machine_1-mcm1968-218884158481'}, 'diskMode': {'id': 'persistent', 'type': 'VC:VirtualDiskMode', 'label': 'persistent'}, 'diskSize': 0.01, 'scsiBusNumber': 1, 'thinProvisioned': False, 'applyRecommendation': True}",FAILED,Error: No unit number found,2023-01-20T04:53:28.295084Z,2023-01-20T04:53:41.645915Z,2,1,Cloud.vSphere.Machine.custom.customadddisk,,

17240277-bdda-4720-ade4-8a2d78b5eb7a,Custom Add Disk,administrator,,"maks3",['38cb9274-e967-45e3-84c4-9ec653d0d7b6'],"{'vm': {'id': 'sqa-vc67.sqa.local,id:vm-29169', 'type': 'VC:VirtualMachine', 'label': 'Cloud_Machine_1-mcm1968-218884158481'}, 'diskMode': {'id': 'persistent', 'type': 'VC:VirtualDiskMode', 'label': 'persistent'}, 'diskSize': 0.01, 'scsiBusNumber': 0, 'thinProvisioned': False, 'applyRecommendation': True}",FAILED,Error: No controller found,2023-01-20T04:47:40.578348Z,2023-01-20T04:48:01.828136Z,2,1,Cloud.vSphere.Machine.custom.customadddisk,,

4cf5588b-09a7-4dc6-9b10-e7cf64a97ff2,Add Disk,administrator,,"maks3","['5123d3da-fc25-40c0-b988-c9adba8f1c0c', '38cb9274-e967-45e3-84c4-9ec653d0d7b6']","{'name': 'disk16', 'encrypted': False, 'capacityGb': 1, 'persistent': False, 'useVmFolderForCreate': True}",FAILED,"Extensibility triggered task failed. Event ID: 5bac31a9-3d53-367a-8064-af055a3a7ca0. Failure: Extensibility error received for topic disk.allocation.pre, eventId = '5bac31a9-3d53-367a-8064-af055a3a7ca0': [10040] SubscriberID: vro-gateway-DXolUjotHm3I2PCF, RunnableID: 3852f5be-1103-4f08-8746-75458fdd914f and SubscriptionID: sub_a24210a1-4020-4137-9470-1aebe127c8c7 failed with the following error: Workflow run [4e966b4c-18d0-473f-8ba2-ca4042d0124a] completed with error [TypeError: Cannot read property ""length"" from null (Workflow:rest call test (2) / Get hostSelectionIds (item5)#4)]",2023-01-09T18:20:16.806340Z,2023-01-09T18:20:42.531695Z,6,2,Cloud.vSphere.Machine.Add.Disk,,

b3d623f4-ad8b-4251-8453-8a986db7bc40,Add Disk,administrator,,"maks3","['38cb9274-e967-45e3-84c4-9ec653d0d7b6', 'c5dbbf37-4433-4f54-a342-e4f39664f7f4']","{'name': 'disk15', 'encrypted': False, 'capacityGb': 1, 'persistent': False, 'useVmFolderForCreate': True}",SUCCESSFUL,,2023-01-03T20:49:48.422958Z,2023-01-03T20:50:41.573392Z,6,6,Cloud.vSphere.Machine.Add.Disk,,

2b0c8af8-d0cf-4609-ba67-72662b26d898,Add Disk,administrator,,"maks3","['38cb9274-e967-45e3-84c4-9ec653d0d7b6', '662d01a1-1c7d-4833-910f-2bc7fd8027d3', '1bcb4981-4c79-48db-a7eb-32ef2dc50ae8', '07767968-23d2-468b-84d6-e84545f4c2e8']","{'name': 'disk14', 'encrypted': False, 'capacityGb': 1, 'persistent': False, 'useVmFolderForCreate': True}",FAILED,Service not found: http://10.244.0.116:8282/resources/disks/4ff36dc9-ad9f-40ca-87a0-688019095c75,2023-01-03T20:48:49.150289Z,2023-01-03T20:49:13.319974Z,9,3,Cloud.vSphere.Machine.Add.Disk,,

bc8bfd41-8e88-42f7-9f60-102ae6ffc211,Add Disk,administrator,,"maks3","['38cb9274-e967-45e3-84c4-9ec653d0d7b6', '662d01a1-1c7d-4833-910f-2bc7fd8027d3']","{'name': 'disk13', 'encrypted': False, 'capacityGb': 1, 'persistent': False, 'useVmFolderForCreate': True}",FAILED,com.sun.xml.ws.fault.ServerSOAPFaultException: Client received SOAP Fault from server: vim.fault.NoCompatibleDatastore Please see the server log to find more detail regarding exact cause of the failure.,2022-12-12T17:13:09.209863Z,2022-12-12T17:13:46.564828Z,6,4,Cloud.vSphere.Machine.Add.Disk,,

7645933a-59d8-4d36-96b1-bc1aed8e206a,Add Disk,administrator,,"maks3","['38cb9274-e967-45e3-84c4-9ec653d0d7b6', '4363e0cc-9706-4e93-a731-a7124629eb89', '9def3d0f-bd4b-46cb-81f8-31e0ec685910', '6065e6d4-a649-47b8-aae1-d59f5a1ce56b']","{'name': 'disk12', 'encrypted': False, 'capacityGb': 16, 'persistent': False, 'useVmFolderForCreate': True}",FAILED,Service not found: http://10.244.0.116:8282/resources/disks/aeabd4a1-19c2-4bd1-98ab-751c94fc954d,2022-12-10T00:12:23.701250Z,2022-12-10T00:12:40.979702Z,9,3,Cloud.vSphere.Machine.Add.Disk,,

655a0138-9ca9-40bc-b814-a4301e38fba7,Add Disk,administrator,,"maks3","['38cb9274-e967-45e3-84c4-9ec653d0d7b6', '9def3d0f-bd4b-46cb-81f8-31e0ec685910']","{'name': 'disk11', 'encrypted': False, 'capacityGb': 10, 'persistent': False, 'useVmFolderForCreate': True}",FAILED,com.sun.xml.ws.fault.ServerSOAPFaultException: Client received SOAP Fault from server: vim.fault.NoCompatibleDatastore Please see the server log to find more detail regarding exact cause of the failure.,2022-12-10T00:10:59.502601Z,2022-12-10T00:11:49.620919Z,6,4,Cloud.vSphere.Machine.Add.Disk,,

4bde9b1d-5ece-4e28-9475-0783c26f6d77,Add Disk,administrator,,"maks3","['ab827c33-9e4b-440c-914d-7512105a92a3', '38cb9274-e967-45e3-84c4-9ec653d0d7b6', '5d05fe15-cb75-4bdf-b698-55b4bde48674', 'ca3db137-b405-457c-8d1f-d92d83c80cda']","{'name': 'disk10', 'encrypted': False, 'capacityGb': 10, 'persistent': False, 'useVmFolderForCreate': True}",FAILED,Service not found: http://10.244.0.116:8282/resources/disks/ed66ec5f-7d9c-4698-b98b-df96b88c256a,2022-12-10T00:10:08.451072Z,2022-12-10T00:10:13.057691Z,9,2,Cloud.vSphere.Machine.Add.Disk,,

9fad62cc-1dcb-4f35-bc7b-ca867fa68578,Add Disk,administrator,,"maks3","['38cb9274-e967-45e3-84c4-9ec653d0d7b6', '5d05fe15-cb75-4bdf-b698-55b4bde48674']","{'name': 'disk9', 'encrypted': False, 'capacityGb': 1, 'persistent': False, 'useVmFolderForCreate': True}",FAILED,com.sun.xml.ws.fault.ServerSOAPFaultException: Client received SOAP Fault from server: vim.fault.NoCompatibleDatastore Please see the server log to find more detail regarding exact cause of the failure.,2022-12-09T23:46:57.191292Z,2022-12-09T23:47:40.024519Z,6,4,Cloud.vSphere.Machine.Add.Disk,,

531e6203-0a57-4f2f-89d9-68c92f502527,Add Disk,administrator,,"maks3","['38cb9274-e967-45e3-84c4-9ec653d0d7b6', '8d231d9d-6d91-4701-bec6-0b74d8323b34', 'e3da0cb7-c912-4233-8ec6-d5056e64fbe3', 'b4157dde-d9cf-4a11-a12a-3aad60dfcdf6']","{'name': 'disk8', 'encrypted': False, 'capacityGb': 1, 'persistent': False, 'useVmFolderForCreate': True}",FAILED,Service not found: http://10.244.0.116:8282/resources/disks/3d65ddee-9d6c-4695-84a2-1c224509aca9,2022-12-09T23:45:33.390898Z,2022-12-09T23:46:07.633430Z,9,3,Cloud.vSphere.Machine.Add.Disk,,

1f9cc6df-5d80-406a-bfa4-a2c436100d57,Add Disk,administrator,,"maks3","['38cb9274-e967-45e3-84c4-9ec653d0d7b6', 'e3da0cb7-c912-4233-8ec6-d5056e64fbe3']","{'name': 'disk7', 'encrypted': False, 'capacityGb': 1, 'persistent': False, 'useVmFolderForCreate': True}",FAILED,com.sun.xml.ws.fault.ServerSOAPFaultException: Client received SOAP Fault from server: vim.fault.NoCompatibleDatastore Please see the server log to find more detail regarding exact cause of the failure.,2022-12-09T23:43:07.042084Z,2022-12-09T23:44:00.492247Z,6,4,Cloud.vSphere.Machine.Add.Disk,,

3f37f92e-1a37-4517-8e8e-4e26d1771df7,Add Disk,administrator,,"maks3","['38cb9274-e967-45e3-84c4-9ec653d0d7b6', 'fe0a3baa-85f5-4d9b-a259-ea35e0f1e687', '3e4c6151-b0b5-4f17-bbaa-02a2624051a9', '2792d6eb-81ac-4361-8e8e-9fa27833a871']","{'name': 'disk6', 'encrypted': False, 'capacityGb': 1, 'persistent': False, 'useVmFolderForCreate': True}",FAILED,Service not found: http://10.244.0.116:8282/resources/disks/94f967a6-1d21-4ea7-91a9-f607882b87cf,2022-12-09T23:39:50.559173Z,2022-12-09T23:40:11.004151Z,9,3,Cloud.vSphere.Machine.Add.Disk,,

5ce57bf3-e1ee-40d2-9dab-38ee42928738,Add Disk,administrator,,"maks3","['38cb9274-e967-45e3-84c4-9ec653d0d7b6', '3e4c6151-b0b5-4f17-bbaa-02a2624051a9']","{'name': 'disk5', 'encrypted': False, 'capacityGb': 1, 'persistent': False, 'useVmFolderForCreate': True}",FAILED,com.sun.xml.ws.fault.ServerSOAPFaultException: Client received SOAP Fault from server: vim.fault.NoCompatibleDatastore Please see the server log to find more detail regarding exact cause of the failure.,2022-12-09T23:38:43.775968Z,2022-12-09T23:39:29.947753Z,6,4,Cloud.vSphere.Machine.Add.Disk,,

3932211f-9a2b-496f-b0f9-9f57daa8a183,Add Disk,administrator,,"maks3","['38cb9274-e967-45e3-84c4-9ec653d0d7b6', 'a10f4321-e547-4ce7-b033-c5ca7419c651', '8eb47777-5011-4c52-8fd0-3e9444f23a64', 'af363628-3791-4e70-bc5a-3272d51dca06']","{'name': 'disk4', 'encrypted': False, 'capacityGb': 1, 'persistent': False, 'useVmFolderForCreate': True}",FAILED,Service not found: http://10.244.0.116:8282/resources/disks/43514c53-f6a2-4fd0-8e28-4a2d1d2723b6,2022-12-09T23:34:00.348021Z,2022-12-09T23:34:20.665077Z,9,3,Cloud.vSphere.Machine.Add.Disk,,

9f56db38-d466-4f5c-a54c-0f25f9c3cab4,Add Disk,administrator,,"maks3","['38cb9274-e967-45e3-84c4-9ec653d0d7b6', 'af363628-3791-4e70-bc5a-3272d51dca06']","{'name': 'disk3', 'encrypted': False, 'capacityGb': 1, 'persistent': False, 'useVmFolderForCreate': True}",FAILED,com.sun.xml.ws.fault.ServerSOAPFaultException: Client received SOAP Fault from server: vim.fault.NoCompatibleDatastore Please see the server log to find more detail regarding exact cause of the failure.,2022-12-09T23:32:26.461883Z,2022-12-09T23:33:21.092173Z,6,4,Cloud.vSphere.Machine.Add.Disk,,

f4a9e2fe-864c-4e32-abc1-d32c225f641b,Add Disk,administrator,,"maks3","['fba820e7-40f8-4bf0-95da-33eaa2d7d439', '38cb9274-e967-45e3-84c4-9ec653d0d7b6', 'd7d027a9-2438-4038-8ae9-2fbade97802f', '896330bb-7164-4a84-a401-fcec8196a0e2']","{'name': 'disk2', 'encrypted': False, 'capacityGb': 1, 'persistent': False, 'useVmFolderForCreate': True}",FAILED,Service not found: http://10.244.0.116:8282/resources/disks/9ea10404-803d-4fd5-834c-6c1e6a126d8d,2022-12-09T23:30:10.856974Z,2022-12-09T23:30:43.244851Z,9,3,Cloud.vSphere.Machine.Add.Disk,,

3816199d-484f-4843-a0be-fd8c1e2313e4,Add Disk,administrator,,"maks3","['fba820e7-40f8-4bf0-95da-33eaa2d7d439', '38cb9274-e967-45e3-84c4-9ec653d0d7b6']","{'name': 'disk1', 'encrypted': False, 'capacityGb': 1, 'persistent': False, 'useVmFolderForCreate': True}",FAILED,com.sun.xml.ws.fault.ServerSOAPFaultException: Client received SOAP Fault from server: vim.fault.NoCompatibleDatastore Please see the server log to find more detail regarding exact cause of the failure.,2022-12-09T23:21:44.902157Z,2022-12-09T23:22:35.966650Z,6,4,Cloud.vSphere.Machine.Add.Disk,,

ce17f3df-eb91-4813-889d-62f8f79f2389,Create,administrator,"1 VM","maks3","['38cb9274-e967-45e3-84c4-9ec653d0d7b6', 'c8848cdc-4aa3-4f33-9b8f-49bdf34a90f2']",{'count': 1},SUCCESSFUL,,2022-12-08T09:08:44.986035Z,2022-12-08T09:32:27.632728Z,7,7,,,
